id,prenom,nom,section,tel,email
4LCBXe,Kary,Susan,Taima,Susan.Kary@yopmail.com,undefined.undefined@gmail.com
F9qPGg,Libbie,Deane,Charmine,Deane.Libbie@yopmail.com,undefined.undefined@gmail.com
UZe6QS,Livvyy,Norine,Jehu,Norine.Livvyy@yopmail.com,undefined.undefined@gmail.com
316E2F,Corry,Dyann,Abernon,Dyann.Corry@yopmail.com,undefined.undefined@gmail.com
bD1MZU,Catrina,Lonnie,Maurine,Lonnie.Catrina@yopmail.com,undefined.undefined@gmail.com
8yBe0P,Lorne,Wanda,Pulsifer,Wanda.Lorne@yopmail.com,undefined.undefined@gmail.com
2QlsZW,Marcelline,Gerrie,O'Neill,Gerrie.Marcelline@yopmail.com,undefined.undefined@gmail.com
f8lGCe,Rosaline,Valli,Ambrosia,Valli.Rosaline@yopmail.com,undefined.undefined@gmail.com
lDvIQ4,Kayla,Mallory,Sothena,Mallory.Kayla@yopmail.com,undefined.undefined@gmail.com
MpLVji,Melodie,Leia,Briney,Leia.Melodie@yopmail.com,undefined.undefined@gmail.com